,processo,codigo,descricao,materia_prima,quantidade
0,Acessórios,483254,CORPO PINO TRAS BAL   TANDEM  FA4/6,"112306 - ACO TREF. RED. SAE-1045 - 1.1/4""",7.0
1,Caçamba,012919,REFORCO EXTERNO          CACAMBA    CBHF,"120203 - BOBINA CHAPA LQ 6.30 X 1,20 1008/1010",16.0
2,Caçamba,022263,COMPLEM. TRANSV. INTERM. CENTRAL - CAÇAMBA GRAN/FORR (M12) CBH,"120305 - BOBINA CHAPA LQ 4.75 X 1,20 A36/CIVIL300",8.0
3,Caçamba,025401,SUPORTE DO CILINDRO - CHASSI DA CAÇAMBA CBH (M13) 8T,"120352 - CHAPA GQ   1/2 (12,7)     1010",2.0
4,Caçamba,025473,BUCHA SUPERIOR - CHASSI DA CAÇAMBA - CBH 8T (M13),134157 - TUBO MECANICO  50 X  32  ST-52,2.0
5,Caçamba,026416,CORPO DA TRAVA CBH/CBHM 4/6,"120352 - CHAPA GQ   1/2 (12,7)     1010",16.0
6,Caçamba,028757,REFORÇO DE ARTICULAÇÃO- CBHM,"120200 - CHAPA GQ 1/4 (1,20 x 4,05m) 1010",2.0
7,Caçamba,029964,"APOIO DA TAMPA - CAÇAMBA CBH 6,0 C/ ABERTURA LATERAL","120650 - CHAPA GQ   5/16(7,94)     1010",6.0
8,Caçamba,029965,"REFORÇO APOIO DA TAMPA - CAÇAMBA CBH 6,0 C/ ABERTURA LATERAL","120650 - CHAPA GQ   5/16(7,94)     1010",6.0
9,Caçamba,030334,LONGARINA DA PLATAFORMA M17    CBHM,"120273 - CHAPA FQ  3,75mm. SAE-1006",10.0
10,Caçamba,030336,APOIO ARTICULAÇÃO - PLATAFORMA M17 (4T) CBH/CBHM,"120650 - CHAPA GQ   5/16(7,94)     1010",12.0
11,Caçamba,030338,MANCAL - PLATAFORMA M17 (4T) CBH/CBHM,134212 - TUBO MECANICO  56 X  40  ST-52,16.0
12,Caçamba,030366,TRANSVERSINA INFERIOR MAIOR [CAÇAMBA - CBH M17],"120250 - CHAPA #11(3,04) A36/CIVIL300",18.0
13,Caçamba,030368,FECHAM DA TRANSVERSINA - CAÇAMBA SIMPLES GRAN/FORR (M17),"120303 - CHAPA FQ 3/16 (1,20 x 6,00m) 1010",52.0
14,Caçamba,030373,TRANSVERSINA INTERMEDIÁRIA CENTRAL [CAÇAMBA - CBH M17],"120250 - CHAPA #11(3,04) A36/CIVIL300",16.0
15,Caçamba,030380,REFORÇO INTERNO TRASEIRO - CAÇAMBA SIMPLES GRAN/FORR (M17) CBH,"120250 - CHAPA #11(3,04) A36/CIVIL300",16.0
16,Caçamba,030384,CHAPEAM LAT - CAÇAMBA SIMPLES GRAN/FORR (M17) CBH,"120306 - CHAPA FQ #12 (1,50 x 3,00m) 1010",12.0
17,Caçamba,030456,TRANSV. INTERM. CENTRAL,"120250 - CHAPA #11(3,04) A36/CIVIL300",2.0
18,Caçamba,030500,LONGARINA - CBH M17 2 EIXOS,"120200 - CHAPA GQ 1/4 (1,20 x 4,05m) 1010",2.0
19,Caçamba,030501,REFORÇO LONGARINA,"120650 - CHAPA GQ   5/16(7,94)     1010",2.0
20,Caçamba,030506,TRANSVERSINA DIANT/TRAS - CHASSI DA PLATAFORMA CBH/CBHM 6T 2E,"120200 - CHAPA GQ 1/4 (1,20 x 4,05m) 1010",2.0
21,Caçamba,030512,"TRANSVERSINA INTERM. - CHASSI  DA CAÇAMBA - CBH 6,0 2E","120200 - CHAPA GQ 1/4 (1,20 x 4,05m) 1010",2.0
22,Caçamba,030544,"CHAPEAMENTO LATERAL [CAÇAMBA - CBH6,0 M17]","120535 - CHAPA FQ #12 (1,50 x 3,80m) 1010",4.0
23,Caçamba,030547,FECHAMENTO DO SUPORTE,"120303 - CHAPA FQ 3/16 (1,20 x 6,00m) 1010",2.0
24,Caçamba,030591,FECHAM TRAS CENTRAL - CAÇAMBA SIMPLES GRAN/FORR (M17) CBH ABERTURA LATERAL,"120303 - CHAPA FQ 3/16 (1,20 x 6,00m) 1010",8.0
25,Caçamba,030598,REFORÇO LATERAL EXTERNO CBH (M17) ABERTURA LAT.,"120352 - CHAPA GQ   1/2 (12,7)     1010",4.0
26,Caçamba,030645,REFORÇO TRANSV DIANTEIRA - PLATAFORMA CBHM M17,"120303 - CHAPA FQ 3/16 (1,20 x 6,00m) 1010",6.0
27,Caçamba,031203,REFORÇO INTERNO DIANTEIRO - CAÇAMBA M18,"120250 - CHAPA #11(3,04) A36/CIVIL300",16.0
28,Caçamba,031204,REFORÇO LATERAL DIANTEIRO - CAÇAMBA M18,"120273 - CHAPA FQ  3,75mm. SAE-1006",16.0
29,Caçamba,031206,CHAPEAMENTO FRONTAL - CAÇAMBA M18,"120548 - CHAPA FQ #12 (1,50 x 4,00m) 1010",8.0
30,Caçamba,031207,FECHAMENTO FUEIRO REFORÇO DIANTEIRO - CAÇAMBA M18,"120273 - CHAPA FQ  3,75mm. SAE-1006",16.0
31,Caçamba,031239,DOBRADIÇA HORIZONTAL CBH/CBHM (M18),"120054 - CHAPA GQ   5/8 (15,8)     1010",8.0
32,Caçamba,031508,"LONGARINA - CHASSI DA CAÇAMBA - CBH 6,0T 7M³","120303 - CHAPA FQ 3/16 (1,20 x 6,00m) 1010",2.0
33,Caçamba,032317,COMPL FECHAMENTO FUEIRO REFORÇO DIANTEIRO - CAÇAMBA M18,"120273 - CHAPA FQ  3,75mm. SAE-1006",16.0
34,Caçamba,032439,FECHAMENTO LATERAL TRASEIRO [CAÇAMBA SIMPLES - CBH M21],"120273 - CHAPA FQ  3,75mm. SAE-1006",16.0
35,Caçamba,032440,COMPLEMENTO DO FECHAM. LAT. TRAS. [CAÇAMBA SIMPLES - CBH M21],"120273 - CHAPA FQ  3,75mm. SAE-1006",16.0
36,Caçamba,032904,OLHAL DE ELEVACÃO - TANQUE SIMPLES    FTC,"112203 - ACO TREF. RED. SAE-1020 - 1/2""",48.0
37,Caçamba,034697,REFORÇO INFERIOR 2 [CAÇAMBA - CBH],"120136 - BOBINA CHAPA LQ 2.25 X 1,20 A36/CIVIL300",6.0
38,Caçamba,034698,REFORÇO INFERIOR 1 [CAÇAMBA - CBH],"120136 - BOBINA CHAPA LQ 2.25 X 1,20 A36/CIVIL300",23.0
39,Caçamba,425187,REFORÇO CENTRAL    CBHM,"120200 - CHAPA GQ 1/4 (1,20 x 4,05m) 1010",12.0
40,Caçamba,425734,TRANSV SUP CILINDRO    PLAT  CBHM,134055NAC - TUBO QUADRADO 120 X 120 X 8.00,7.0
41,Caçamba,425760,SUPORTE DO CILINDRO       CBHM,"120352 - CHAPA GQ   1/2 (12,7)     1010",16.0
42,Caçamba,425783,BUCHA GUIA    CBHM,134132 - TUBO MECANICO  32 X  20  ST-52,16.0
43,Caçamba,425795,APOIO BUCHA GUIA    CBHM,"120157 - CHAPA GQ   3/8 (9,53)     1010",16.0
44,Caçamba,425801,GUIA DA PLATAFORMA    CBHM,"120203 - BOBINA CHAPA LQ 6.30 X 1,20 1008/1010",14.0
45,Caçamba,425874,PINO DA TRAVA         CBHM,"112434 - ACO TREF. RED. SAE-1020 - 3/4""",16.0
46,Caçamba,446841,REFORCO              CHASSI (M98)  F4/6,"120305 - BOBINA CHAPA LQ 4.75 X 1,20 A36/CIVIL300",2.0
47,Caçamba,450820,REFORCO DIANT - PLATAF (6000) CBHM,"120200 - CHAPA GQ 1/4 (1,20 x 4,05m) 1010",1.0
48,Caçamba,450856,REFORCO CENTRAL - PLATAF (6000) CBHM,"120200 - CHAPA GQ 1/4 (1,20 x 4,05m) 1010",2.0
49,Caçamba,450870,LONGARINA - PLATAF (6000) CBHM,"120200 - CHAPA GQ 1/4 (1,20 x 4,05m) 1010",2.0
50,Caçamba,480009,ANILHO MOLA POCIS       CBH/CBHM,"120305 - BOBINA CHAPA LQ 4.75 X 1,20 A36/CIVIL300",16.0
51,Caçamba,490313,REFORÇO TRAVA T TRAS -  ACESS  CBHM,"120200 - CHAPA GQ 1/4 (1,20 x 4,05m) 1010",16.0
52,Caçamba,494665,PINO FUEIRO       CBHM,"112434 - ACO TREF. RED. SAE-1020 - 3/4""",16.0
53,Chassi,022469,ESBARRO LIMITADOR DE GIRO      CHASSI CBHM 2 EIXOS,"120650 - CHAPA GQ   5/16(7,94)     1010",4.0
54,Chassi,023243,ESBARRO   CHASSI CBHM 2 EIXOS,"120352 - CHAPA GQ   1/2 (12,7)     1010",4.0
55,Chassi,023516,ENGATE VARÃO DE TRAVA    CBHM 2 EIXOS,"112203 - ACO TREF. RED. SAE-1020 - 1/2""",52.0
56,Chassi,025454,TUBO PLACA - CHASSI        CBH-8,134789 - TUBO MECANICO  131 X 105 ST-52,2.0
57,Chassi,025484,TRANSV  INTERMEDIARIA (A PARTIR DE AGOSTO/2013)  CHASSI CBHM,"120303 - CHAPA FQ 3/16 (1,20 x 6,00m) 1010",9.0
58,Chassi,025743,SUPORTE FIX. DA PLATAF. - CHASSI F6 CS M14,"120200 - CHAPA GQ 1/4 (1,20 x 4,05m) 1010",16.0
59,Chassi,025745,APOIO SUPORTE DE MOLAS - CHASSI F6 CS M14,"120303 - CHAPA FQ 3/16 (1,20 x 6,00m) 1010",8.0
60,Chassi,026425,PLACA DE APOIO - CHASSI (M98)   F4/6,"120303 - CHAPA FQ 3/16 (1,20 x 6,00m) 1010",2.0
61,Chassi,028739,FECHAMENTO LATERAL- CBHM,"120200 - CHAPA GQ 1/4 (1,20 x 4,05m) 1010",4.0
62,Chassi,028743,"SUPORTE DO CILINDRO - CHASSI CBH 6,0 2E","120157 - CHAPA GQ   3/8 (9,53)     1010",4.0
63,Chassi,029669,LONGARINA - CHASSI CARRETA ER6,"120200 - CHAPA GQ 1/4 (1,20 x 4,05m) 1010",4.0
64,Chassi,029678,TRANVERSINA TRASEIRA - CHASSI ER6,"120303 - CHAPA FQ 3/16 (1,20 x 6,00m) 1010",2.0
65,Chassi,029679,TRANVERSINA DIANTEIRA - CHASSI ER6,"120303 - CHAPA FQ 3/16 (1,20 x 6,00m) 1010",2.0
66,Chassi,030316,REFORÇO DO SUPORTE DIANT M17 CHASSI CBHM/CBH,"120303 - CHAPA FQ 3/16 (1,20 x 6,00m) 1010",24.0
67,Chassi,030317,LONGARINA M17 CHASSI CBHM/CBH,"120303 - CHAPA FQ 3/16 (1,20 x 6,00m) 1010",28.0
68,Chassi,030318,TRANSVERSINA DIANTEIRA M17 CHASSI CBHM/CBH,"120303 - CHAPA FQ 3/16 (1,20 x 6,00m) 1010",14.0
69,Chassi,030348,REFORÇO DA LONGARINA M17 CBHM,"120200 - CHAPA GQ 1/4 (1,20 x 4,05m) 1010",30.0
70,Chassi,030424,"REFORÇO DA LONGARINA - CHASSI SIMPLES SS - CBH 6,0T 01 EIXO","120650 - CHAPA GQ   5/16(7,94)     1010",8.0
71,Chassi,030425,"LONGARINA - CHASSI SIMPLES SS - CBH 6,0T 01 EIXO","120200 - CHAPA GQ 1/4 (1,20 x 4,05m) 1010",8.0
72,Chassi,030444,SUPORTE TRASEIRO - CHASSI CBH 6 2 EIXOS (M17),"120157 - CHAPA GQ   3/8 (9,53)     1010",4.0
73,Chassi,030469,FECHAMENTO MENOR DO SUPORTE - CHASSI CBH 6 2 EIXOS (M17),"120303 - CHAPA FQ 3/16 (1,20 x 6,00m) 1010",4.0
74,Chassi,030494,LONGARINA [CHASSI - CBH/CBHM-2E],"120200 - CHAPA GQ 1/4 (1,20 x 4,05m) 1010",4.0
75,Chassi,030508,REFORÇO LONG CHASSI 2 EIXOS,"120200 - CHAPA GQ 1/4 (1,20 x 4,05m) 1010",4.0
76,Chassi,030509,"TRANSV INTERMED TRASEIRA - CHASSI CBH 6,0 2E","120200 - CHAPA GQ 1/4 (1,20 x 4,05m) 1010",4.0
77,Chassi,030537,MÃO FRANCESA DIANTEIRA,"120200 - CHAPA GQ 1/4 (1,20 x 4,05m) 1010",4.0
78,Chassi,030538,FECHAMENTO TRAS LONGARINA,"120305 - BOBINA CHAPA LQ 4.75 X 1,20 A36/CIVIL300",4.0
79,Chassi,030539,TRANSVERSINA CENTRAL,"120303 - CHAPA FQ 3/16 (1,20 x 6,00m) 1010",2.0
80,Chassi,030540,"TRANSV DIANT - CHASSI CBH 6,0 2E","120200 - CHAPA GQ 1/4 (1,20 x 4,05m) 1010",2.0
81,Chassi,030574,"PLACA DE APOIO M17 - CHASSI CBH 6,0 2E","120650 - CHAPA GQ   5/16(7,94)     1010",2.0
82,Chassi,030589,PROTEÇÃO DO MACACO- CHASSI  CBH/CBHM M17,"120200 - CHAPA GQ 1/4 (1,20 x 4,05m) 1010",24.0
83,Chassi,030721,COMPLEMENTO DA LONGARINA - CHASSI - CBH/CBHM M17,"120200 - CHAPA GQ 1/4 (1,20 x 4,05m) 1010",40.0
84,Chassi,030727,SUPORTE TRASEIRO INTERNO - CHASSI CBH 6 2 EIXOS (M17),"120157 - CHAPA GQ   3/8 (9,53)     1010",4.0
85,Chassi,030750,TRANSV DIANT - CHASSI (6000) CBHM M17,"120303 - CHAPA FQ 3/16 (1,20 x 6,00m) 1010",4.0
86,Chassi,030918,REFORÇO TRAS LONGARINA - F6 COM MOLA M17,"120200 - CHAPA GQ 1/4 (1,20 x 4,05m) 1010",4.0
87,Chassi,031045,SAPATA MAIOR CHASSI  CBHM,"120157 - CHAPA GQ   3/8 (9,53)     1010",48.0
88,Chassi,031485,LONGARINA - CHASSI SIMPLES SS - CBHM 6000 CAFEEIRA,"120303 - CHAPA FQ 3/16 (1,20 x 6,00m) 1010",10.0
89,Chassi,031509,"LONGARINA - CHASSI SIMPLES SS - CBH 6,0 7M³ 01 EIXO","120303 - CHAPA FQ 3/16 (1,20 x 6,00m) 1010",2.0
90,Chassi,031510,"TRANSVERSINA DIANTEIRA M19 - CHASSI CBH 6,0T 7M³","120303 - CHAPA FQ 3/16 (1,20 x 6,00m) 1010",1.0
91,Chassi,031512,REFORÇO DO SUPORTE DIANT M17 CHASSI CBHM 6000 CAFEEIRA,"120303 - CHAPA FQ 3/16 (1,20 x 6,00m) 1010",10.0
92,Chassi,031514,REFORÇO DA LONGARINA M19 - CBHM 6000 CAFEEIRA,"120200 - CHAPA GQ 1/4 (1,20 x 4,05m) 1010",10.0
93,Chassi,031515,TRANSVERSINA DIANTEIRA INTERM. M19 - CHASSI CBHM 6000 CAFEEIRA,"120303 - CHAPA FQ 3/16 (1,20 x 6,00m) 1010",5.0
94,Chassi,031557,TRANSV DIANT - CHASSI (6000) CBHM M19 CAFEEIRA,"120303 - CHAPA FQ 3/16 (1,20 x 6,00m) 1010",5.0
95,Chassi,406650,SUPORTE DO TUBO  CBHM,"120273 - CHAPA FQ  3,75mm. SAE-1006",9.0
96,Chassi,409686,TRANSV  INTERMEDIARIA   CBHM,"120273 - CHAPA FQ  3,75mm. SAE-1006",15.0
97,Chassi,409728,TRANSV TRASEIRA    CBHM,134055NAC - TUBO QUADRADO 120 X 120 X 8.00,15.0
98,Chassi,409741,SAPATA CHASSI              CBHM,"120157 - CHAPA GQ   3/8 (9,53)     1010",4.0
99,Chassi,409753,SUPORTE TRASEIRO   CBHM,"120650 - CHAPA GQ   5/16(7,94)     1010",96.0
100,Chassi,411218,APOIO MOLA - CHASSI            CAR,"120203 - BOBINA CHAPA LQ 6.30 X 1,20 1008/1010",4.0
101,Chassi,412302,"ARRUELA LISA 1/2""",120545 - BOBINA CHAPA LQ 3.00 X 1500 A36/CIVIL300,44.0
102,Chassi,418134,TRANSV SUP CS-CHASSI (M98) F6,"120303 - CHAPA FQ 3/16 (1,20 x 6,00m) 1010",4.0
103,Chassi,425760,SUPORTE DO CILINDRO       CBHM,"120352 - CHAPA GQ   1/2 (12,7)     1010",60.0
104,Chassi,429478,TRANSV TRAS-CHASSI (6000) CBHM,134055NAC - TUBO QUADRADO 120 X 120 X 8.00,9.0
105,Chassi,446178,TRANSV CENTR CHASSI        (M98)F6,"120303 - CHAPA FQ 3/16 (1,20 x 6,00m) 1010",2.0
106,Chassi,446841,REFORCO              CHASSI (M98)  F4/6,"120305 - BOBINA CHAPA LQ 4.75 X 1,20 A36/CIVIL300",18.0
107,Chassi,453407,SUP FEIXE MOLA DIAN-CHASSI  U4P2,"120200 - CHAPA GQ 1/4 (1,20 x 4,05m) 1010",8.0
108,Chassi,459057,TRAVA LOCALIZAC-BRACO SUP ROT,124576 - ACO TREFILADO QDR   3/8   1045,2.0
109,Chassi,460783,TRAVA FEIXE DE MOLAS  - CHASSI CS   CBH,"120200 - CHAPA GQ 1/4 (1,20 x 4,05m) 1010",4.0
110,Chassi,465422,FECHAM TRAS LONG   CHASSI  CBHM,"120278 - BOBINA CHAPA LQ 3.75 X 1,20 A36/CIVIL300",48.0
111,Chassi,467704,ESBARRO LIMITADOR DE GIRO - 5ª RODA (M98)   F4/6,"120200 - CHAPA GQ 1/4 (1,20 x 4,05m) 1010",4.0
112,Chassi,469490,SUPORTE DA MANGUEIRA    6000  CBHM,"120273 - CHAPA FQ  3,75mm. SAE-1006",9.0
113,Chassi,479329,BUCHA    -   5ª RODA (M98)  F4/6,"134170 - TUBO SCHEDULLE 80 - 1.1/2""",2.0
114,Chassi,480630,REFORÇO  - 5ª RODA (M98)   F4/6,"120200 - CHAPA GQ 1/4 (1,20 x 4,05m) 1010",2.0
115,Chassi,492073,DIAFRAGMA FEIXE MOLA-5ROD U4,"120303 - CHAPA FQ 3/16 (1,20 x 6,00m) 1010",4.0
116,Cilindro,034546,FECHAMENTO GUIA DO CILINDRO [CBH/CBHM],110516 - ACO LAMINADO RED 4.1/2    1045,46.0
117,Cilindro,034753,FECHAMENTO GUIA [CILINDRO HIDRÁULICO - CBHM6000 CA],"110517 - AÇO REDONDO LAMINADO 5"" 1045",10.0
118,Cilindro,034755,FECHAMENTO [CAMISA DO CILINDRO - CBHM6000 CA],110747 - AÇO LAMINADO RED 5          1020,10.0
119,Cilindro,034756,EIXO [PISTÃO - CBHM6000 CA],222438 - AÇO MT 60.00 CROMADO SAE 1045 NORMAL,10.0
120,Cilindro,034757,CABEÇA DO PISTÃO [CILINDRO HIDRÁULICO - CBHM6000 CA],110516 - ACO LAMINADO RED 4.1/2    1045,10.0
121,Cilindro,034790,"TERMINAL MACHO JIC 3/4"" [TUBOS HIDRÁULICOS - CBH/CBHM]","112434 - ACO TREF. RED. SAE-1020 - 3/4""",112.0
122,Cilindro,034881,CABEÇA DO PISTÃO [CBHM5000/6000],110139 - ACO LAMINADO RED 4          1045,46.0
123,Cilindro,034945,TUBO DA CONEXÃO MENOR [CAMISA DO CILINDRO - CBH/CBHM],"134387 - TUBO SCHEDULLE 40 - 3/8"" S/C  5 METROS",56.0
124,Cilindro,034946,BUCHA DO PISTÃO [PISTÃO DO CILINDRO - CBH/CBHM],110012 - ACO LAMINADO RED 2.1/2    1045,40.0
125,Cilindro,468897,FECHAM CILINDRO           CBHM,110735 - ACO LAMINADO RED 4.1/2    1020,46.0
126,Cilindro,496923,TUBO DA CAMISA DO CILINDRO [CILINDRO HIDRAULICO - CBH/CBHM],"134387 - TUBO SCHEDULLE 40 - 3/8"" S/C  5 METROS",56.0
127,Cilindro,496935,ORELHA DO CILINDRO [CAMISA DO CILINDRO - CBH/CBHM],"120376 - CHAPA GQ 1"" (25,4) 1010/1020",56.0
128,Dianteira ,018338,ENGATE S/TRAVA -  GRADES  CBHM,"120200 - CHAPA GQ 1/4 (1,20 x 4,05m) 1010",216.0
129,Dianteira ,025561,"COLUNA - FECHAMENTO DIANT (FR) - S4,0/3,2M","120273 - CHAPA FQ  3,75mm. SAE-1006",2.0
130,Dianteira ,025562,"REFORÇO INF - FECHAMENTO DIANT - S4,0/3,2M","120273 - CHAPA FQ  3,75mm. SAE-1006",1.0
131,Dianteira ,025563,"TRAVESSA SUP - FECHAMENTO DIANT - S4,0/3,2M","120706 - CHAPA FQ #13 (1,20 x 2,40m) 1010",1.0
132,Dianteira ,025886,"COLUNA INTERMEDIÁRIA DO GIGANTE S3,20M","120250 - CHAPA #11(3,04) A36/CIVIL300",4.0
133,Dianteira ,029686,"CORPO - FECHAMENTO DIANT - S4,0ER","120031 - CHAPA FQ #14 (1,20 x 6,00m) 1010",1.0
134,Dianteira ,030178,TRAVESSA SUP - FECHAMENTO DIANT - CARR UVA M16,"120255 - CHAPA FQ #13 (1,20 x 3,51m) 1010",1.0
135,Dianteira ,030376,FIXADOR CHAPA LAT SUP - TAMPA LATERAL - CBH (M17),"120303 - CHAPA FQ 3/16 (1,20 x 6,00m) 1010",12.0
136,Dianteira ,031018,"COLUNA LATERAL ALT 45- ESTRUTURA GRADE TRASEIRA/LATERAL - S3,2/4,0MD","120255 - CHAPA FQ #13 (1,20 x 3,51m) 1010",3.0
137,Dianteira ,031024,"COLUNA DO FECHAM DIANTEIRO - S4,0/3,2MD","120273 - CHAPA FQ  3,75mm. SAE-1006",2.0
138,Dianteira ,031217,FECHAM. SUP. FUEIRO - FUEIRO DIANT. SUPERIOR - CBH M18,"120303 - CHAPA FQ 3/16 (1,20 x 6,00m) 1010",12.0
139,Dianteira ,031229,CHAPEAM. FRONTAL FECHAM. DIANTEIRO SUPERIOR (M18) CBH,"120924 - CHAPA FQ #12 (1,20 x 3,80m) 1010",6.0
140,Dianteira ,031237,CHAPEAMENTO DO FUEIRO M18 - FUEIRO DIANTEIRO SUPERIOR - CBH (M18),"120273 - CHAPA FQ  3,75mm. SAE-1006",12.0
141,Dianteira ,031238,FECHAM. FUEIRO - FUEIRO DIANT. SUPERIOR - CBH M18,"120273 - CHAPA FQ  3,75mm. SAE-1006",12.0
142,Dianteira ,031285,"COLUNA(TUBO) INTERMEDIÁRIA DO GIGANTE S3,20M",134060 - TUBO RET  50 X 30 X 2.00MM TAM. 6 METROS,4.0
143,Dianteira ,034158,"LONGARINA - ESTRUTURA GRADE DIANT/TRAS - S4,0MD M23",134060 - TUBO RET  50 X 30 X 2.00MM TAM. 6 METROS,2.0
144,Dianteira ,034160,"REFORÇO INF - FECHAMENTO DIANT - S4,0/3,2M M23","120278 - BOBINA CHAPA LQ 3.75 X 1,20 A36/CIVIL300",1.0
145,Dianteira ,425941,CHAP LATERAL DIANT (4500)  CBHM,"120274 - CHAPA FQ #14 (1.20 x 4,50m) 1010",4.0
146,Dianteira ,425953,FECHAMENTO LAT GRADE 45 CM  CBHM,"120273 - CHAPA FQ  3,75mm. SAE-1006",216.0
147,Dianteira ,425977,FEMEA ENGATE  -  GRADES  CBHM,"112203 - ACO TREF. RED. SAE-1020 - 1/2""",108.0
148,Dianteira ,429764,APOIO FEMEA ENG  -  GRADES  CBHM,"120273 - CHAPA FQ  3,75mm. SAE-1006",108.0
149,Dianteira ,460394,CHAP GRADE DIANT 45 CM (5000)  CBH,"120267 - CHAPA FQ #14 (1,20 x 3,50m) 1010",104.0
150,Dianteira ,494665,PINO FUEIRO       CBHM,"112434 - ACO TREF. RED. SAE-1020 - 3/4""",12.0
151,Eixo,024375,REFORÇO DO CHAPEAM DO EIXO  - EIXO BAL TANDEM  CBHM,"126202 - AÇO CHATO LAM 1/2 X 3"" SAE-1020",4.0
152,Eixo,025455,TRAVA - SUP EIXO CBH-8,"120650 - CHAPA GQ   5/16(7,94)     1010",2.0
153,Eixo,025545,CORPO DO EIXO - F4/6 CM/SM,134018NAC - TUBO RETANGULAR 200 X 100 X 4.75,4.0
154,Eixo,025546,FECHAMENTO [EIXO - F4],"120303 - CHAPA FQ 3/16 (1,20 x 6,00m) 1010",8.0
155,Eixo,025547,CORPO DO EIXO CBH/CBHM5000...10000 (NOV13...),134017NAC - TUBO RETANGULAR 150 X 100 X 6.35 X 6000,16.0
156,Eixo,025588,SUPORTE FREIO-EIXO (NOV13...),"120352 - CHAPA GQ   1/2 (12,7)     1010",8.0
157,Eixo,025604,PINO SUPORTE FREIO-EIXO (NOV13...),"112434 - ACO TREF. RED. SAE-1020 - 3/4""",8.0
158,Eixo,025623,CORPO DO EIXO RD - CBHM 4500,134017NAC - TUBO RETANGULAR 150 X 100 X 6.35 X 6000,2.0
159,Eixo,025655,SAPATA DO EIXO C/MOLA CBH/CBHM (NOV13...),"120157 - CHAPA GQ   3/8 (9,53)     1010",8.0
160,Eixo,025698,FECHAMENTO DO EIXO - CBHM 4500,"120200 - CHAPA GQ 1/4 (1,20 x 4,05m) 1010",4.0
161,Eixo,025833,MANCAL CENTRAL DO EIXO - CBHM/CBH 6T 02 Eixos (M14),134223 - TUBO MECANICO  71 X  54  ST-52,2.0
162,Eixo,025834,CORPO DO EIXO DIANT - CBHM 6000/CBH 6T 02 EIXOS (M14),134017NAC - TUBO RETANGULAR 150 X 100 X 6.35 X 6000,1.0
163,Eixo,025835,BATEDOR DO EIXO - EIXO DIANT CBHM 6000 2E (M14),"120200 - CHAPA GQ 1/4 (1,20 x 4,05m) 1010",4.0
164,Eixo,025845,REF INFERIOR DO EIXO - CBHM 6000 2E (M14),"120200 - CHAPA GQ 1/4 (1,20 x 4,05m) 1010",2.0
165,Eixo,030443,CORPO DO EIXO DIANT - CBHM 6000/CBH 6T 02 EIXOS RS/RD (M17),134012 - TUBO RETANGULAR 150 X 100 X 6.35 X 5000,1.0
166,Eixo,030446,CORPO DO EIXO TRASEIRO - CBHM 6000/CBH 6T 02 EIXOS RS/RD (M17),134012 - TUBO RETANGULAR 150 X 100 X 6.35 X 5000,1.0
167,Eixo,031243,TUBO BALANCIM TANDEM 6T,"134031NAC - TUBO QUADRADO   100,00 X 100,00 X 6MM",4.0
168,Eixo,031245,TUBO BALANCIM TANDEM 4T,"134031NAC - TUBO QUADRADO   100,00 X 100,00 X 6MM",10.0
169,Eixo,031248,BRACO ESTABILIZADOR(TUBO) - EIXO BAL TANDEM CBHM/CBH 4T,"120200 - CHAPA GQ 1/4 (1,20 x 4,05m) 1010",14.0
170,Eixo,032402,"FECHAMENTO _ EIXO DIANTEIRO-TRASEIRO-BALANCIM _ FA-FTC-CBH-CBHM 4,0T-6,0T","120303 - CHAPA FQ 3/16 (1,20 x 6,00m) 1010",32.0
171,Eixo,032467,"FECHAMENTO [EIXO - CBH/CBHM 6,0T]","120303 - CHAPA FQ 3/16 (1,20 x 6,00m) 1010",4.0
172,Eixo,032639,FECHAMENTO [EIXO - CBH7],"120305 - BOBINA CHAPA LQ 4.75 X 1,20 A36/CIVIL300",2.0
173,Eixo,405980,PONTA EIXO      FA4/CBHM,110012 - ACO LAMINADO RED 2.1/2    1045,44.0
174,Eixo,409741,SAPATA CHASSI              CBHM,"120157 - CHAPA GQ   3/8 (9,53)     1010",38.0
175,Eixo,412661,ARRUELA P/RET - EIXO (C) F6,"120303 - CHAPA FQ 3/16 (1,20 x 6,00m) 1010",36.0
176,Eixo,416009,BUCHA BRACO - EIXO BAL T  FA4/6,"134170 - TUBO SCHEDULLE 80 - 1.1/2""",14.0
177,Eixo,417233,ARRUELA REFORCO ESTAB - EIXO BAL T FA4/6,"120157 - CHAPA GQ   3/8 (9,53)     1010",14.0
178,Eixo,417294,PONTA DE EIXO - EIXO BAL TANDEM   FA4,110980 - ACO LAMINADO RED 1.3/4    1045,20.0
179,Eixo,417749,FECH LAT BR-EIXO TANDEM  FA4/6,"120303 - CHAPA FQ 3/16 (1,20 x 6,00m) 1010",28.0
180,Eixo,427986,CORPO VARAO FRENAGEM   5000  CBHM,"112434 - ACO TREF. RED. SAE-1020 - 3/4""",8.0
181,Eixo,428360,ELO CORRENTE COMPLEM-CARR C2,226105 - CORRENTE ELO 3/16 F. POLIDO,4.0
182,Eixo,434656,PONTA EIXO-CUBO FORJ  (00)F6,110980 - ACO LAMINADO RED 1.3/4    1045,8.0
183,Eixo,436410,COMPLEM BARRA ENGATE - CH RP13,126457 - AÇO CHATO LAM 3/8 X 2 SAE-1020,7.0
184,Eixo,436884,COMPLEM EXCENT - EIXO TRAS F4C,"120200 - CHAPA GQ 1/4 (1,20 x 4,05m) 1010",8.0
185,Eixo,439990,COMPL PORT ICAM EIXO SS (M98) F,"120650 - CHAPA GQ   5/16(7,94)     1010",4.0
186,Eixo,444698,PINO COMPLEM EIXO-E TRAS  F4CC,"112434 - ACO TREF. RED. SAE-1020 - 3/4""",8.0
187,Eixo,447043,PORTA ICAMENTO - EIXO SS (M98) F,"120157 - CHAPA GQ   3/8 (9,53)     1010",8.0
188,Eixo,453341,SUP VARAO FRENAG - FREIO U6P,"120650 - CHAPA GQ   5/16(7,94)     1010",8.0
189,Eixo,455600,TAMPA CUBO - RODAGEM   F6/FA/CBHM,"120121 - CHAPA FF #18   (1,21)     1010",78.0
190,Eixo,459574,TAMBOR FREIO - EIXO       F6F5,"120250 - CHAPA #11(3,04) A36/CIVIL300",8.0
191,Eixo,466050,COMANDO VAROES - FREIO    CAR,"120200 - CHAPA GQ 1/4 (1,20 x 4,05m) 1010",8.0
192,Eixo,466815,CORPO VARAO ACION FREIO (5000) - CBH,"112434 - ACO TREF. RED. SAE-1020 - 3/4""",4.0
193,Eixo,468745,REFORCO PONTA DE EIXO  TANDEM  FA6,"120200 - CHAPA GQ 1/4 (1,20 x 4,05m) 1010",56.0
194,Eixo,480976,PONTA EIXO      (6000)  CBHM,110012 - ACO LAMINADO RED 2.1/2    1045,6.0
195,Fueiro,028766,DOBRADIÇA [FUEIRO - CBH M21],"120157 - CHAPA GQ   3/8 (9,53)     1010",32.0
196,Fueiro,030603,REFORÇO LATERAL INTERNO - FUEIRO - CBH(M17) ABERTURA LAT.,126901 - AÇO CHATO LAM 3/4 X 3 SAE-1020,12.0
197,Fueiro,031210,CORPO FUEIRO TRAS 90cm - CBHM 4500/5000,134062NAC - TUBO RETANGULAR 100 X 50 X 3.75 X 6300 mm,8.0
198,Fueiro,031213,CORPO FUEIRO DIANT 90cm - CBHM 4500/5000,134062NAC - TUBO RETANGULAR 100 X 50 X 3.75 X 6300 mm,36.0
199,Fueiro,031215,"CORPO FUEIRO TRAS 1,10 - CBHM 5000",134062NAC - TUBO RETANGULAR 100 X 50 X 3.75 X 6300 mm,32.0
200,Fueiro,031221,CORPO FUEIRO CENTRAL - CBHM 6000,134062NAC - TUBO RETANGULAR 100 X 50 X 3.75 X 6300 mm,18.0
201,Fueiro,031233,BUCHA ESPAÇ  FUEIRO TUBULAR CBHM,134375 - TUBO     1/2       DIN 2440,188.0
202,Fueiro,031239,DOBRADIÇA HORIZONTAL CBH/CBHM (M18),"120054 - CHAPA GQ   5/8 (15,8)     1010",12.0
203,Fueiro,031287,CORPO FUEIRO TRAS. (ABERT. LATERAL) - CBH M18,134062NAC - TUBO RETANGULAR 100 X 50 X 3.75 X 6300 mm,12.0
204,Fueiro,031410,REFORÇO INTERNO - FUEIRO - CBH(M18),126901 - AÇO CHATO LAM 3/4 X 3 SAE-1020,12.0
205,Fueiro,032365,CORPO [SUPORTE DA TAMPA - CBH UG M21],126214 - AÇO CHATO LAM 1/2  X 3.1/2  1020,4.0
206,Fueiro,425795,APOIO BUCHA GUIA    CBHM,"120157 - CHAPA GQ   3/8 (9,53)     1010",6.0
207,Fueiro,428360,ELO CORRENTE COMPLEM-CARR C2,226105 - CORRENTE ELO 3/16 F. POLIDO,9.0
208,Fueiro,428383,CORRENTE TENSOR 855 - CARROC,226105 - CORRENTE ELO 3/16 F. POLIDO,9.0
209,Fueiro,428395,CORRENTE/PORTA CORR 995-CARROC,226105 - CORRENTE ELO 3/16 F. POLIDO,9.0
210,Fueiro,457000,TENSOR CORRENTE - CORROC  CAR,"112501 - ACO TREF. RED. SAE-1020 - 5/16""",9.0
211,Fueiro,464831,CORRENTE 400MM - F TRAS CAF CBHM,226105 - CORRENTE ELO 3/16 F. POLIDO,30.0
212,Fueiro,494616,FECHAM SUP   FUEIRO   CBHM,"120203 - BOBINA CHAPA LQ 6.30 X 1,20 1008/1010",106.0
213,Fueiro,494653,DOBRADIÇA FUEIRO TRAS   CBHM,"120157 - CHAPA GQ   3/8 (9,53)     1010",80.0
214,Fueiro,494665,PINO FUEIRO       CBHM,"112434 - ACO TREF. RED. SAE-1020 - 3/4""",320.0
215,Intermed.,023358,TUBO DO TIRANTE DA TRAVA   CBHM 2 EIXOS,134375 - TUBO     1/2       DIN 2440,18.0
216,Intermed.,023504,CHAPA DE REGULAGEM VARÃO DE TRAVA   CBHM 2 EIXOS,"120203 - BOBINA CHAPA LQ 6.30 X 1,20 1008/1010",52.0
217,Intermed.,023516,ENGATE VARÃO DE TRAVA    CBHM 2 EIXOS,"112203 - ACO TREF. RED. SAE-1020 - 1/2""",48.0
218,Intermed.,023632,TUBO DO TIRANTE DA TRAVA   (M12) CBH,134375 - TUBO     1/2       DIN 2440,30.0
219,Intermed.,025073,EMBOLO S/FREIO - ICAM F4/F6 (NOV/12...),110322 - ACO LAMINADO RED 1.3/4    1020,4.0
220,Intermed.,025409,SUPORTE TIRANTE / MANCAL CIL  CHASSI,"120352 - CHAPA GQ   1/2 (12,7)     1010",2.0
221,Intermed.,025465,BUCHA DO MANCAL DO CILINDRO CBH8,134224 - TUBO MECANICO  71 X  43  ST-52,2.0
222,Intermed.,026416,CORPO DA TRAVA CBH/CBHM 4/6,"120352 - CHAPA GQ   1/2 (12,7)     1010",52.0
223,Intermed.,028827,ENGATE DO VARÃO DE TRAVA   CBH M16 2 EIXOS TANDEM,"112203 - ACO TREF. RED. SAE-1020 - 1/2""",4.0
224,Intermed.,028829,CORPO DO VARÃO  CBH M16 2 EIXOS TANDEM,134375 - TUBO     1/2       DIN 2440,4.0
225,Intermed.,029521,"CORPO DO ESPAÇADOR - CBH 6,0 RS/TANDEM ABERTURA LAT","134430 - TUBO SCHEDULLE 40 - 1.1/4""",6.0
226,Intermed.,030327,TUBO FIXO MACACO M17 CHASSI CBHM/CBH,134157 - TUBO MECANICO  50 X  32  ST-52,24.0
227,Intermed.,030381,FIXADOR MACACO M17 CHASSI CBHM/CBH,"120157 - CHAPA GQ   3/8 (9,53)     1010",24.0
228,Intermed.,030653,CORPO TUBO HIDRÁULICO - ACESS   CBHM M17,"134387 - TUBO SCHEDULLE 40 - 3/8"" S/C  5 METROS",60.0
229,Intermed.,030749,CORPO TUBO HIDRÁULICO 6T - ACESS   CBHM M17,"134388 - TUBO SCHEDULLE 40 - 3/8"" S/C  6.30 METROS",36.0
230,Intermed.,031564,CORPO TUBO HIDRÁULICO 6T (02 EIXOS),"134388 - TUBO SCHEDULLE 40 - 3/8"" S/C  6.30 METROS",4.0
231,Intermed.,032313,PINO LUVA DE ENGATE _ CBH / FTC,"112150 - ACO TREF. RED. SAE-1045 - 1""",4.0
232,Intermed.,032316,"ARRUELA LISA Ø1"" _ ENGATE _ CBH / FTC",134716 - TUBO MECANICO  56 X  28  ST-52,8.0
233,Intermed.,032352,SUPORTE FRONTAL [CHASSI COMPLETO - CBH],"120303 - CHAPA FQ 3/16 (1,20 x 6,00m) 1010",24.0
234,Intermed.,032353,COMPLEMENTO DO SUPORTE FRONTAL [CHASSI COMPLETO - CBH],"120305 - BOBINA CHAPA LQ 4.75 X 1,20 A36/CIVIL300",24.0
235,Intermed.,032745,ALÇA - [TRAVA DE BASCULAMENTO FA4FB],"112458 - ACO TREF. RED. SAE-1020 - 3/8""",28.0
236,Intermed.,033612,ARRUELA [ESPAÇADOR - CBH M18],"120203 - BOBINA CHAPA LQ 6.30 X 1,20 1008/1010",12.0
237,Intermed.,033889,REFORÇO INTERIOR [CONJ SUP FRONTAL - CBH],"120305 - BOBINA CHAPA LQ 4.75 X 1,20 A36/CIVIL300",24.0
238,Intermed.,034790,"TERMINAL MACHO JIC 3/4"" [TUBOS HIDRÁULICOS - CBH/CBHM]","112434 - ACO TREF. RED. SAE-1020 - 3/4""",200.0
239,Intermed.,409820,PRENDEDOR DO TUBO [CBH/CBHM],"120278 - BOBINA CHAPA LQ 3.75 X 1,20 A36/CIVIL300",40.0
240,Intermed.,410214,"PORTA ALAV COMANDO - ICAM A3,5","120200 - CHAPA GQ 1/4 (1,20 x 4,05m) 1010",8.0
241,Intermed.,410718,"LUVA ENGATE FURO 1""  (M98)F4/6",126706 - AÇO CHATO LAM 5/8 X 2.1/2 SAE-1020,4.0
242,Intermed.,414426,"PORTA TRAVA RE  FA3,5FBS","120303 - CHAPA FQ 3/16 (1,20 x 6,00m) 1010",4.0
243,Intermed.,418894,LUVA UNIAO - ICAM (M98) F4/,"126226 - AÇO CHATO LAM 5/8 X 3"" SAE-1020",4.0
244,Intermed.,427986,CORPO VARAO FRENAGEM   5000  CBHM,"112434 - ACO TREF. RED. SAE-1020 - 3/4""",8.0
245,Intermed.,428360,ELO CORRENTE COMPLEM-CARR C2,226105 - CORRENTE ELO 3/16 F. POLIDO,8.0
246,Intermed.,428383,CORRENTE TENSOR 855 - CARROC,226105 - CORRENTE ELO 3/16 F. POLIDO,4.0
247,Intermed.,428395,CORRENTE/PORTA CORR 995-CARROC,226105 - CORRENTE ELO 3/16 F. POLIDO,4.0
248,Intermed.,436884,COMPLEM EXCENT - EIXO TRAS F4C,"120200 - CHAPA GQ 1/4 (1,20 x 4,05m) 1010",8.0
249,Intermed.,441480,SUPORTE ENGATE ICAM (M98) FA/CBHM,"120303 - CHAPA FQ 3/16 (1,20 x 6,00m) 1010",24.0
250,Intermed.,444698,PINO COMPLEM EIXO-E TRAS  F4CC,"112434 - ACO TREF. RED. SAE-1020 - 3/4""",8.0
251,Intermed.,445885,PINO ENG ICAM (M98)   CARR,"112150 - ACO TREF. RED. SAE-1045 - 1""",28.0
252,Intermed.,457000,TENSOR CORRENTE - CORROC  CAR,"112501 - ACO TREF. RED. SAE-1020 - 5/16""",4.0
253,Intermed.,459690,FECHAM DIANTEIRO ICAM (M98) FA/CBHM,"120303 - CHAPA FQ 3/16 (1,20 x 6,00m) 1010",24.0
254,Intermed.,464855,LUVA ENGATE    - CHASSI    CBH,"126755 - AÇO CHATO LAM 1"" X 3"" SAE-1020",4.0
255,Intermed.,464880,BUCHA EMBOLO - CHASSI CBHM/ICAM FA,"134144 - TUBO SCHEDULLE 80 - 2"" C/C",24.0
256,Intermed.,466724,EMBOLO COM FREIO - CBHM,110346 - ACO LAMINADO RED 2        1020,4.0
257,Intermed.,466815,CORPO VARAO ACION FREIO (5000) - CBH,"112434 - ACO TREF. RED. SAE-1020 - 3/4""",4.0
258,Intermed.,490313,REFORÇO TRAVA T TRAS -  ACESS  CBHM,"120200 - CHAPA GQ 1/4 (1,20 x 4,05m) 1010",52.0
259,Içamento,025071,BUCHA EMBOLO - IÇAMENTO F4/F6 (NOV/12...),"134170 - TUBO SCHEDULLE 80 - 1.1/2""",3.0
260,Içamento,025614,HASTE TRACAO MENOR-ICAM MAIOR F4/F6/CBHM,"120200 - CHAPA GQ 1/4 (1,20 x 4,05m) 1010",4.0
261,Içamento,418377,BUCHA ICAMENTO FA4,134855 - TUBO     1           DIN 2440,6.0
262,Içamento,446282,TRANSV MAIOR - ICAM  (M98)F4/6,"120303 - CHAPA FQ 3/16 (1,20 x 6,00m) 1010",3.0
263,Içamento,446312,TRANSV MENOR - ICAM  (M98)F4/6,"120303 - CHAPA FQ 3/16 (1,20 x 6,00m) 1010",3.0
264,Içamento,468393,FECHAM COMPL - ICAM  (M98)F4/6,"120303 - CHAPA FQ 3/16 (1,20 x 6,00m) 1010",6.0
265,Içamento,468540,FECHAM FRONTAL - ICAM (M98) F4/6,"120303 - CHAPA FQ 3/16 (1,20 x 6,00m) 1010",6.0
266,Içamento,480230,HASTE TRACAO MENOR-ICAM   F4/6,"120303 - CHAPA FQ 3/16 (1,20 x 6,00m) 1010",2.0
267,Içamento,480307,HASTE TRACAO MAIOR-ICAM   F4/6,"120303 - CHAPA FQ 3/16 (1,20 x 6,00m) 1010",1.0
268,Içamento,481439,HASTE TRACAO MAIOR - ICAM MAIOR    FTC/CBHM 02 EIXOS,"120200 - CHAPA GQ 1/4 (1,20 x 4,05m) 1010",2.0
269,Lateral,018338,ENGATE S/TRAVA -  GRADES  CBHM,"120200 - CHAPA GQ 1/4 (1,20 x 4,05m) 1010",118.0
270,Lateral,025955,"CORPO FECHAM LATERAL S4,0M","120258 - CHAPA FQ #13 (1.20 x 4,00m) 1010",2.0
271,Lateral,026453,FECHAM LATERAL GRADE 45 cm,"120273 - CHAPA FQ  3,75mm. SAE-1006",4.0
272,Lateral,030375,FIXADOR LAT INFERIOR - TAMPA LATERAL - CBH (M17),"120305 - BOBINA CHAPA LQ 4.75 X 1,20 A36/CIVIL300",62.0
273,Lateral,030376,FIXADOR CHAPA LAT SUP - TAMPA LATERAL - CBH (M17),"120303 - CHAPA FQ 3/16 (1,20 x 6,00m) 1010",48.0
274,Lateral,030451,FECHAM LAT GRADE M17 - TAMPA LATERAL (M17) CBH,"120273 - CHAPA FQ  3,75mm. SAE-1006",43.0
275,Lateral,030553,CORPO DA TAMPA LATERAL M17 - TAMPA LATERAL (M17) CBH 6,"120134 - BOBINA CHAPA LQ 2.00 X 1,20 A36/CIVIL300",4.0
276,Lateral,030751,CORPO DA TAMPA LATERAL M17 - TAMPA LATERAL (M17) CBH 4,"120133 - CHAPA FQ #14 (1,20 x 5,60m) 1010",20.0
277,Lateral,030991,"LONGARINA ESTRUTURA DA GRADE LAT. - S4,0MD",134060 - TUBO RET  50 X 30 X 2.00MM TAM. 6 METROS,4.0
278,Lateral,030993,"ENGATE GRADE - ESTRUTURA GRADE TRASEIRA - S3,2/4,0MD","120200 - CHAPA GQ 1/4 (1,20 x 4,05m) 1010",10.0
279,Lateral,031018,"COLUNA LATERAL ALT 45- ESTRUTURA GRADE TRASEIRA/LATERAL - S3,2/4,0MD","120255 - CHAPA FQ #13 (1,20 x 3,51m) 1010",10.0
280,Lateral,031038,"APOIO DA CORRENTE - LATERAL S4,0M","120200 - CHAPA GQ 1/4 (1,20 x 4,05m) 1010",2.0
281,Lateral,031060,"FECHAMENTO DA GRADE LATERAL - ALT 45 - S3,20/4,00MD","120273 - CHAPA FQ  3,75mm. SAE-1006",4.0
282,Lateral,031217,FECHAM. SUP. FUEIRO - FUEIRO DIANT. SUPERIOR - CBH M18,"120303 - CHAPA FQ 3/16 (1,20 x 6,00m) 1010",12.0
283,Lateral,031237,CHAPEAMENTO DO FUEIRO M18 - FUEIRO DIANTEIRO SUPERIOR - CBH (M18),"120273 - CHAPA FQ  3,75mm. SAE-1006",12.0
284,Lateral,031238,FECHAM. FUEIRO - FUEIRO DIANT. SUPERIOR - CBH M18,"120273 - CHAPA FQ  3,75mm. SAE-1006",12.0
285,Lateral,032597,TRAVA DA CORRENTE       - TAMPA TRAS       CBHM,"112458 - ACO TREF. RED. SAE-1020 - 3/8""",6.0
286,Lateral,035515,PLACA CEMAG [GRADE - F4_F6],"120137 - BOBINA CHAPA LQ 2.00 X 1,50 A36/CIVIL300",2.0
287,Lateral,425953,FECHAMENTO LAT GRADE 45 CM  CBHM,"120273 - CHAPA FQ  3,75mm. SAE-1006",72.0
288,Lateral,425977,FEMEA ENGATE  -  GRADES  CBHM,"112203 - ACO TREF. RED. SAE-1020 - 1/2""",54.0
289,Lateral,429764,APOIO FEMEA ENG  -  GRADES  CBHM,"120273 - CHAPA FQ  3,75mm. SAE-1006",54.0
290,Lateral,493107,CHAPEAM - GRADE LATERAL 45 CM  CBHM,"120133 - CHAPA FQ #14 (1,20 x 5,60m) 1010",36.0
291,Lateral,494665,PINO FUEIRO       CBHM,"112434 - ACO TREF. RED. SAE-1020 - 3/4""",12.0
292,Macaco,030326,TUBO FIXO MACACO - MACACO EXTERNO - CBHM/CBH 4T,"134144 - TUBO SCHEDULLE 80 - 2"" C/C",24.0
293,Macaco,030386,TRAVA MACACO - MACACO EXTERNO - CBHM/CBH 4T,"120303 - CHAPA FQ 3/16 (1,20 x 6,00m) 1010",24.0
294,Macaco,030789,CORRENTE 180MM - MACACO M17,226105 - CORRENTE ELO 3/16 F. POLIDO,24.0
295,Macaco,494884,PINO  MACACO     CBH/CBHM,"112525 - ACO TREF. RED. SAE-1020 - 5/8""",24.0
296,Plataforma,018016,REFORCO SUPORTE COL CEN (6000) CBHM,"120200 - CHAPA GQ 1/4 (1,20 x 4,05m) 1010",13.0
297,Plataforma,018181,PISO ESQUERDO   PLATAF (6000) CBHM,"120255 - CHAPA FQ #13 (1,20 x 3,51m) 1010",4.0
298,Plataforma,025401,SUPORTE DO CILINDRO - CHASSI DA CAÇAMBA CBH (M13) 8T,"120352 - CHAPA GQ   1/2 (12,7)     1010",4.0
299,Plataforma,025473,BUCHA SUPERIOR - CHASSI DA CAÇAMBA - CBH 8T (M13),134157 - TUBO MECANICO  50 X  32  ST-52,4.0
300,Plataforma,025554,"CORPO DA PLATAFORMA - PLATAFORMA - S4,0M","120307 - CHAPA FQ #12 (1,20 x 4,00m) 1010",2.0
301,Plataforma,025555,"TRANSVERSINA DIANTEIRA- PLATAFORMA - S4,0M","120303 - CHAPA FQ 3/16 (1,20 x 6,00m) 1010",1.0
302,Plataforma,025556,"TRANSVERSINA INTERMED - PLATAFORMA - S3,2/4,0M","120250 - CHAPA #11(3,04) A36/CIVIL300",4.0
303,Plataforma,025557,"TRANSVERSINA TRASEIRA- PLATAFORMA - S4,0M",120545 - BOBINA CHAPA LQ 3.00 X 1500 A36/CIVIL300,1.0
304,Plataforma,025892,GANCHO DA PLATAFORMA - CARROCERIA METÁLICA M14,"112525 - ACO TREF. RED. SAE-1020 - 5/8""",12.0
305,Plataforma,026416,CORPO DA TRAVA CBH/CBHM 4/6,"120352 - CHAPA GQ   1/2 (12,7)     1010",36.0
306,Plataforma,028757,REFORÇO DE ARTICULAÇÃO- CBHM,"120200 - CHAPA GQ 1/4 (1,20 x 4,05m) 1010",4.0
307,Plataforma,029662,"LONGARINA - PLATAFORMA S4,0ER","120278 - BOBINA CHAPA LQ 3.75 X 1,20 A36/CIVIL300",2.0
308,Plataforma,030334,LONGARINA DA PLATAFORMA M17    CBHM,"120273 - CHAPA FQ  3,75mm. SAE-1006",28.0
309,Plataforma,030336,APOIO ARTICULAÇÃO - PLATAFORMA M17 (4T) CBH/CBHM,"120650 - CHAPA GQ   5/16(7,94)     1010",26.0
310,Plataforma,030338,MANCAL - PLATAFORMA M17 (4T) CBH/CBHM,134212 - TUBO MECANICO  56 X  40  ST-52,52.0
311,Plataforma,030339,PISO ESQ PLATAF M17 (3500/5000/8000) CBHM,"120253 - CHAPA FQ #13 (1,20 x 5,60m) 1010",7.0
312,Plataforma,030341,PISO DIR PLATAF M17 (3500/5000/8000) CBHM,"120253 - CHAPA FQ #13 (1,20 x 5,60m) 1010",9.0
313,Plataforma,030500,LONGARINA - CBH M17 2 EIXOS,"120200 - CHAPA GQ 1/4 (1,20 x 4,05m) 1010",4.0
314,Plataforma,030501,REFORÇO LONGARINA,"120650 - CHAPA GQ   5/16(7,94)     1010",4.0
315,Plataforma,030506,TRANSVERSINA DIANT/TRAS - CHASSI DA PLATAFORMA CBH/CBHM 6T 2E,"120200 - CHAPA GQ 1/4 (1,20 x 4,05m) 1010",7.0
316,Plataforma,030512,"TRANSVERSINA INTERM. - CHASSI  DA CAÇAMBA - CBH 6,0 2E","120200 - CHAPA GQ 1/4 (1,20 x 4,05m) 1010",4.0
317,Plataforma,030547,FECHAMENTO DO SUPORTE,"120303 - CHAPA FQ 3/16 (1,20 x 6,00m) 1010",4.0
318,Plataforma,030614,REFORÇO INTERNO DO ENGATE -  PLATAFORMA CBHM/CBH,"120250 - CHAPA #11(3,04) A36/CIVIL300",4.0
319,Plataforma,030616,PISO ESQUERDO [PLATAFORMA - CBHM 4500],"120133 - CHAPA FQ #14 (1,20 x 5,60m) 1010",2.0
320,Plataforma,030645,REFORÇO TRANSV DIANTEIRA - PLATAFORMA CBHM M17,"120303 - CHAPA FQ 3/16 (1,20 x 6,00m) 1010",17.0
321,Plataforma,030649,APOIO DA ARTICULAÇÃO  CBHM 4500 M17,"120650 - CHAPA GQ   5/16(7,94)     1010",4.0
322,Plataforma,030810,TRANSV N° 4 - PLAT 6000 2E CBHM M17,"120273 - CHAPA FQ  3,75mm. SAE-1006",1.0
323,Plataforma,031484,LONGARINA - PLATAFORMA CBHM 6000 CAFEEIRA,"120303 - CHAPA FQ 3/16 (1,20 x 6,00m) 1010",10.0
324,Plataforma,031486,PISO DIREITO - PLATAFORMA CBHM 6000 CAFEEIRA,"120267 - CHAPA FQ #14 (1,20 x 3,50m) 1010",5.0
325,Plataforma,031487,PISO ESQUERDO - PLATAFORMA CBHM 6000 CAFEEIRA,"120267 - CHAPA FQ #14 (1,20 x 3,50m) 1010",5.0
326,Plataforma,031508,"LONGARINA - CHASSI DA CAÇAMBA - CBH 6,0T 7M³","120303 - CHAPA FQ 3/16 (1,20 x 6,00m) 1010",2.0
327,Plataforma,031556,REFORCO CENTRAL - PLATAF (6000) CBHM CAFEEIRA,"120200 - CHAPA GQ 1/4 (1,20 x 4,05m) 1010",10.0
328,Plataforma,032552,TRANSVERSINA TRASEIRA [PLATAFORMA - CBHM 4500],"120250 - CHAPA #11(3,04) A36/CIVIL300",2.0
329,Plataforma,032553,TRANSVERSINA TRASEIRA [PLATAFORMA - CBHM 5000/6000],"120250 - CHAPA #11(3,04) A36/CIVIL300",16.0
330,Plataforma,034151,"TRANSVERSINA DIANTEIRA - PLATAFORMA S4,0ER M23","120278 - BOBINA CHAPA LQ 3.75 X 1,20 A36/CIVIL300",1.0
331,Plataforma,034152,"TRANSVERSINA TRASEIRA - PLATAFORMA S4,0ER M23","120278 - BOBINA CHAPA LQ 3.75 X 1,20 A36/CIVIL300",1.0
332,Plataforma,034153,"TRANSVERSINA INTERMEDIÁRIA (Nº1 e 3) - PLATAFORMA S4,0ER M23","120278 - BOBINA CHAPA LQ 3.75 X 1,20 A36/CIVIL300",4.0
333,Plataforma,034249,REFORÇO INFERIOR 2 [PLATAFORMA - CBHM],"120136 - BOBINA CHAPA LQ 2.25 X 1,20 A36/CIVIL300",39.0
334,Plataforma,034250,REFORÇO INFERIOR 3 [PLATAFORMA - CBHM],"120136 - BOBINA CHAPA LQ 2.25 X 1,20 A36/CIVIL300",21.0
335,Plataforma,034252,REFORÇO INFERIOR 1 [PLATAFORMA - CBHM],"120136 - BOBINA CHAPA LQ 2.25 X 1,20 A36/CIVIL300",15.0
336,Plataforma,409935,TRANSV FRONTAL - PLAT    CBHM4500,"120134 - BOBINA CHAPA LQ 2.00 X 1,20 A36/CIVIL300",2.0
337,Plataforma,409959,SUPORTE DA COLUNA          CBHM,"120200 - CHAPA GQ 1/4 (1,20 x 4,05m) 1010",72.0
338,Plataforma,409960,TRANSVERSINA CENTRAL - PLAT CBHM4500,"120250 - CHAPA #11(3,04) A36/CIVIL300",6.0
339,Plataforma,410251,ENGATE DOBRAD - CHASSI    C2,"112203 - ACO TREF. RED. SAE-1020 - 1/2""",188.0
340,Plataforma,424780,TRANSVERSINA MENOR   CBHM,"120250 - CHAPA #11(3,04) A36/CIVIL300",4.0
341,Plataforma,425187,REFORÇO CENTRAL    CBHM,"120200 - CHAPA GQ 1/4 (1,20 x 4,05m) 1010",30.0
342,Plataforma,425734,TRANSV SUP CILINDRO    PLAT  CBHM,134055NAC - TUBO QUADRADO 120 X 120 X 8.00,24.0
343,Plataforma,425760,SUPORTE DO CILINDRO       CBHM,"120352 - CHAPA GQ   1/2 (12,7)     1010",56.0
344,Plataforma,425783,BUCHA GUIA    CBHM,134132 - TUBO MECANICO  32 X  20  ST-52,52.0
345,Plataforma,425795,APOIO BUCHA GUIA    CBHM,"120157 - CHAPA GQ   3/8 (9,53)     1010",52.0
346,Plataforma,425801,GUIA DA PLATAFORMA    CBHM,"120203 - BOBINA CHAPA LQ 6.30 X 1,20 1008/1010",48.0
347,Plataforma,425849,COMPLEM TRANSV TRASEIRA   CBHM,"120134 - BOBINA CHAPA LQ 2.00 X 1,20 A36/CIVIL300",72.0
348,Plataforma,425874,PINO DA TRAVA         CBHM,"112434 - ACO TREF. RED. SAE-1020 - 3/4""",36.0
349,Plataforma,446841,REFORCO              CHASSI (M98)  F4/6,"120305 - BOBINA CHAPA LQ 4.75 X 1,20 A36/CIVIL300",18.0
350,Plataforma,450790,TRANSV N3 - PLATAF (6000) CBHM,"120273 - CHAPA FQ  3,75mm. SAE-1006",16.0
351,Plataforma,450819,TRANSV N1 - PLATAF (6000) CBHM,"120273 - CHAPA FQ  3,75mm. SAE-1006",8.0
352,Plataforma,450820,REFORCO DIANT - PLATAF (6000) CBHM,"120200 - CHAPA GQ 1/4 (1,20 x 4,05m) 1010",6.0
353,Plataforma,450832,PISO DIREITO          - PLATAF (6000) CBHM,"120255 - CHAPA FQ #13 (1,20 x 3,51m) 1010",4.0
354,Plataforma,450856,REFORCO CENTRAL - PLATAF (6000) CBHM,"120200 - CHAPA GQ 1/4 (1,20 x 4,05m) 1010",8.0
355,Plataforma,450868,SUP COL CENTRAL - PLATAF (6000) CBHM,"120200 - CHAPA GQ 1/4 (1,20 x 4,05m) 1010",18.0
356,Plataforma,450870,LONGARINA - PLATAF (6000) CBHM,"120200 - CHAPA GQ 1/4 (1,20 x 4,05m) 1010",8.0
357,Plataforma,460679,TRANSV MENOR - PLAT (3500/5000)  CBHM,"120273 - CHAPA FQ  3,75mm. SAE-1006",30.0
358,Plataforma,460680,TRANSV CENTRAL - PLAT (3500/5000) CBHM,"120273 - CHAPA FQ  3,75mm. SAE-1006",67.0
359,Plataforma,460709,TRANSV FRONTAL - PLAT (3500/5000) CBHM,"120133 - CHAPA FQ #14 (1,20 x 5,60m) 1010",16.0
360,Plataforma,480009,ANILHO MOLA POCIS       CBH/CBHM,"120305 - BOBINA CHAPA LQ 4.75 X 1,20 A36/CIVIL300",36.0
361,Plataforma,490313,REFORÇO TRAVA T TRAS -  ACESS  CBHM,"120200 - CHAPA GQ 1/4 (1,20 x 4,05m) 1010",36.0
362,Traseira,013213,"FECHAM LAT TAMPA TRAS 1,10m  CBHM","120303 - CHAPA FQ 3/16 (1,20 x 6,00m) 1010",32.0
363,Traseira,018338,ENGATE S/TRAVA -  GRADES  CBHM,"120200 - CHAPA GQ 1/4 (1,20 x 4,05m) 1010",3.0
364,Traseira,025566,"SUPORTE - FECHAM TRASEIRO  (FR) - S4,0/3,2M","120200 - CHAPA GQ 1/4 (1,20 x 4,05m) 1010",2.0
365,Traseira,028681,BUCHA DOBRADIÇA LATERAL  CBH/CBHM,134625 - TUBO MECANICO  40 X  20  ST-52,12.0
366,Traseira,028764,ESPAÇADOR TAMPA TRASEIRA  CBH/CBHM,"126615 - AÇO CHATO LAM 3/4 X 2"" SAE-1020",12.0
367,Traseira,028845,CORRENTE 400MM - TAMPA TRASEIRA CBH,226105 - CORRENTE ELO 3/16 F. POLIDO,6.0
368,Traseira,029688,"CORPO - FECHAMENTO TRASEIRO - S4,0ER","120031 - CHAPA FQ #14 (1,20 x 6,00m) 1010",1.0
369,Traseira,030993,"ENGATE GRADE - ESTRUTURA GRADE TRASEIRA - S3,2/4,0MD","120200 - CHAPA GQ 1/4 (1,20 x 4,05m) 1010",3.0
370,Traseira,031017,"FECHAMENTO LATERAL 45cm - ESTRUTURA GRADE TRASEIRA - S3,2/4,0MD","120273 - CHAPA FQ  3,75mm. SAE-1006",2.0
371,Traseira,031018,"COLUNA LATERAL ALT 45- ESTRUTURA GRADE TRASEIRA/LATERAL - S3,2/4,0MD","120255 - CHAPA FQ #13 (1,20 x 3,51m) 1010",3.0
372,Traseira,031223,PARTE INF. CHAPA TAMPA TRAS. (ABERT. LATERAL) - CBH M18,"120134 - BOBINA CHAPA LQ 2.00 X 1,20 A36/CIVIL300",6.0
373,Traseira,031224,PARTE SUP. CHAPA TAMPA TRAS. (ABERT. LATERAL) - CBH M18,"120031 - CHAPA FQ #14 (1,20 x 6,00m) 1010",6.0
374,Traseira,031225,DOBRADIÇA SUP. TAMPA TRAS. ABERT. LATERAL - CBH M18,"120054 - CHAPA GQ   5/8 (15,8)     1010",16.0
375,Traseira,031226,COLUNA TAMPA TRASEIRA - CBH (ABERT. LATERAL) M18,"120200 - CHAPA GQ 1/4 (1,20 x 4,05m) 1010",12.0
376,Traseira,031227,CANTONEIRA INFERIOR TAMPA TRAS - CBH M18,"120200 - CHAPA GQ 1/4 (1,20 x 4,05m) 1010",8.0
377,Traseira,032045,CANT INF TAMPA TRASEIRA  CBH M20,"120303 - CHAPA FQ 3/16 (1,20 x 6,00m) 1010",16.0
378,Traseira,032367,CHAPEAMENTO [TAMPA TRASEIRA - CBH UG M21],120547 - BOBINA CHAPA LQ 2.65 X 1500 A36/CIVIL300,2.0
379,Traseira,032368,"FECHAMENTO LATERAL [TAMPA TRASEIRA - CBH ""USO GERAL"" M21]","120305 - BOBINA CHAPA LQ 4.75 X 1,20 A36/CIVIL300",4.0
380,Traseira,032597,TRAVA DA CORRENTE       - TAMPA TRAS       CBHM,"112458 - ACO TREF. RED. SAE-1020 - 3/8""",32.0
381,Traseira,034158,"LONGARINA - ESTRUTURA GRADE DIANT/TRAS - S4,0MD M23",134060 - TUBO RET  50 X 30 X 2.00MM TAM. 6 METROS,2.0
382,Traseira,034210,ESBARRO DO ENGATE [GRADE LATERAL - F/FA],"112458 - ACO TREF. RED. SAE-1020 - 3/8""",2.0
383,Traseira,034251,"CHAPEAMENTO TAMPA TRAS 1,10m (5000) CBHM","120267 - CHAPA FQ #14 (1,20 x 3,50m) 1010",16.0
384,Traseira,493211,CHAPEAM TAMPA TRASEIRA (4500)  CBHM,120547 - BOBINA CHAPA LQ 2.65 X 1500 A36/CIVIL300,2.0
385,Traseira,493296,FECHAM LAT TAMPA TRAS 90 CM  CBHM,"120303 - CHAPA FQ 3/16 (1,20 x 6,00m) 1010",4.0
386,Traseira,493338,CANT INF TAMPA TRAS 90 CM  CBHM,"120303 - CHAPA FQ 3/16 (1,20 x 6,00m) 1010",2.0
387,Traseira,494495,DOBRADIÇA TAMPA TRASEIRA  CBH/CBHM,"120157 - CHAPA GQ   3/8 (9,53)     1010",36.0
388,Traseira,494501,ABA LATERAL TAMPA TRAS (4500)  CBHM,"120273 - CHAPA FQ  3,75mm. SAE-1006",4.0
